{"cameraMode":{"drawMode":0,"name":"Shaded","section":"Shading Mode"},"sceneLighting":true,"audioPlay":false,"sceneViewState":{"showFog":true,"showMaterialUpdate":false,"showSkybox":true,"showFlares":true,"showImageEffects":true,"showParticleSystems":true},"in2DMode":false,"pivot":{"x":15.436927795410157,"y":0.5722012519836426,"z":-34.07032775878906},"rotation":{"x":-0.1134931892156601,"y":0.47058507800102236,"z":-0.061229653656482699,"w":-0.8729633688926697},"size":22.0,"orthographic":false}