{"cameraMode":{"drawMode":0,"name":"Shaded","section":"Shading Mode"},"sceneLighting":true,"audioPlay":false,"sceneViewState":{"showFog":true,"showMaterialUpdate":false,"showSkybox":true,"showFlares":true,"showImageEffects":true,"showParticleSystems":true},"in2DMode":false,"pivot":{"x":82.5655746459961,"y":5.358410835266113,"z":-8.65349292755127},"rotation":{"x":-0.19869516789913178,"y":0.19118644297122956,"z":-0.03956502303481102,"w":-0.9604588150978088},"size":4.974420070648193,"orthographic":false}