{"cameraMode":{"drawMode":0,"name":"Shaded","section":"Shading Mode"},"sceneLighting":false,"audioPlay":false,"sceneViewState":{"showFog":true,"showMaterialUpdate":false,"showSkybox":false,"showFlares":true,"showImageEffects":true,"showParticleSystems":true},"in2DMode":false,"pivot":{"x":763.0301513671875,"y":565.1524658203125,"z":13.948974609375},"rotation":{"x":-0.12867705523967744,"y":0.06450876593589783,"z":-0.008390220813453198,"w":-0.9895551800727844},"size":607.50537109375,"orthographic":false}