{"cameraMode":{"drawMode":0,"name":"Shaded","section":"Shading Mode"},"sceneLighting":false,"audioPlay":false,"sceneViewState":{"showFog":true,"showMaterialUpdate":false,"showSkybox":false,"showFlares":true,"showImageEffects":true,"showParticleSystems":true},"in2DMode":false,"pivot":{"x":514.045166015625,"y":399.1257629394531,"z":-3.9925994873046877},"rotation":{"x":0.10818731039762497,"y":-0.20076709985733033,"z":-0.022315938025712968,"w":-0.9733956456184387},"size":233.34524536132813,"orthographic":false}